"caminho_relativo","nome_arquivo","extensao","tamanho_bytes","tamanho_legivel","data_modificacao","data_criacao"
"120_CTAs_Guia_Completo.md","120_CTAs_Guia_Completo.md",".md","16997","16.6 KB","2025-12-23 21:21","2025-12-28 11:10"
"120_CTAs_Premium_Intimax.json","120_CTAs_Premium_Intimax.json",".json","24109","23.54 KB","2025-12-23 21:21","2025-12-28 11:09"
"20_ideias_virais_bonus.md","20_ideias_virais_bonus.md",".md","17841","17.42 KB","2025-12-22 11:13","2025-12-22 11:13"
"20_posts_validados_karina.md","20_posts_validados_karina.md",".md","25470","24.87 KB","2025-12-22 11:13","2025-12-22 11:13"
"30_posts_dra_karina_planilha.xlsx","30_posts_dra_karina_planilha.xlsx",".xlsx","22870","22.33 KB","2025-12-22 11:34","2025-12-22 11:34"
"ARQUITETURA-BANCO-DADOS.md","ARQUITETURA-BANCO-DADOS.md",".md","29429","28.74 KB","2025-12-27 23:14","2025-12-27 23:14"
"biblioteca_hashtags_karina_pt1_autoridade.json","biblioteca_hashtags_karina_pt1_autoridade.json",".json","25114","24.53 KB","2025-12-23 21:30","2025-12-28 11:09"
"biblioteca_hashtags_karina_pt2_temas2e3.json","biblioteca_hashtags_karina_pt2_temas2e3.json",".json","40777","39.82 KB","2025-12-23 21:30","2025-12-28 11:09"
"biblioteca_hashtags_karina_pt3_temas4e5.json","biblioteca_hashtags_karina_pt3_temas4e5.json",".json","35770","34.93 KB","2025-12-23 21:31","2025-12-28 11:09"
"biblioteca_hashtags_karina_pt4_tema6_completo.json","biblioteca_hashtags_karina_pt4_tema6_completo.json",".json","18005","17.58 KB","2025-12-23 21:31","2025-12-28 11:09"
"BLOCO-11-RESUMO-EXECUTIVO.md","BLOCO-11-RESUMO-EXECUTIVO.md",".md","5957","5.82 KB","2025-12-27 19:42","2025-12-27 19:42"
"BLOCO-12-RESUMO-EXECUTIVO.md","BLOCO-12-RESUMO-EXECUTIVO.md",".md","6661","6.5 KB","2025-12-27 19:42","2025-12-27 19:42"
"BLOCO-6-RESUMO-EXECUTIVO.md","BLOCO-6-RESUMO-EXECUTIVO.md",".md","5752","5.62 KB","2025-12-27 19:41","2025-12-27 19:41"
"BLOCO-7-RESUMO-EXECUTIVO.md","BLOCO-7-RESUMO-EXECUTIVO.md",".md","5985","5.84 KB","2025-12-27 19:41","2025-12-27 19:41"
"BLOCO-8-RESUMO-EXECUTIVO.md","BLOCO-8-RESUMO-EXECUTIVO.md",".md","4692","4.58 KB","2025-12-27 19:41","2025-12-27 19:41"
"BLOCO-9-RESUMO-EXECUTIVO.md","BLOCO-9-RESUMO-EXECUTIVO.md",".md","5564","5.43 KB","2025-12-27 19:41","2025-12-27 19:41"
"CALENDARIO-90-DIAS-DETALHADO.md","CALENDARIO-90-DIAS-DETALHADO.md",".md","14663","14.32 KB","2025-12-27 19:42","2025-12-27 19:42"
"CALENDARIO-90-DIAS-SUPER-DETALHADO.md","CALENDARIO-90-DIAS-SUPER-DETALHADO.md",".md","28276","27.61 KB","2025-12-27 19:43","2025-12-27 19:43"
"calendario-dra-karina-v1.md","calendario-dra-karina-v1.md",".md","6380","6.23 KB","2025-12-22 15:27","2025-12-22 15:27"
"Calendario_SEOGRAM_90dias_Karina_Rodovansky.csv","Calendario_SEOGRAM_90dias_Karina_Rodovansky.csv",".csv","38327","37.43 KB","2025-12-19 14:49","2025-12-28 11:30"
"ChatGPT Image 27 de dez. de 2025, 19_28_24.png","ChatGPT Image 27 de dez. de 2025, 19_28_24.png",".png","1882691","1.8 MB","2025-12-27 19:28","2025-12-27 19:28"
"ChatGPT Image 27 de dez. de 2025, 19_28_26.png","ChatGPT Image 27 de dez. de 2025, 19_28_26.png",".png","2464062","2.35 MB","2025-12-27 19:28","2025-12-27 19:28"
"ChatGPT Image 27 de dez. de 2025, 22_42_34.png","ChatGPT Image 27 de dez. de 2025, 22_42_34.png",".png","2464062","2.35 MB","2025-12-27 22:42","2025-12-27 22:42"
"ChatGPT Image 27 de dez. de 2025, 22_42_42.png","ChatGPT Image 27 de dez. de 2025, 22_42_42.png",".png","321841","314.3 KB","2025-12-27 22:42","2025-12-27 22:42"
"ChatGPT Image 27 de dez. de 2025, 22_42_46.png","ChatGPT Image 27 de dez. de 2025, 22_42_46.png",".png","321841","314.3 KB","2025-12-27 22:42","2025-12-27 22:42"
"ChatGPT Image 27 de dez. de 2025, 22_42_48.png","ChatGPT Image 27 de dez. de 2025, 22_42_48.png",".png","1882691","1.8 MB","2025-12-27 22:42","2025-12-27 22:42"
"ChatGPT Image 27 de dez. de 2025, 22_42_51.png","ChatGPT Image 27 de dez. de 2025, 22_42_51.png",".png","922283","900.67 KB","2025-12-27 22:42","2025-12-27 22:42"
"ChatGPT Image 27 de dez. de 2025, 22_42_59.png","ChatGPT Image 27 de dez. de 2025, 22_42_59.png",".png","321841","314.3 KB","2025-12-27 22:42","2025-12-27 22:42"
"DocumentoTamanhoContedoUso.csv","DocumentoTamanhoContedoUso.csv",".csv","492","0.48 KB","2025-12-28 10:59","2025-12-28 10:59"
"DOSSIÊ DE AUTORIDADE DIGITAL — Harmonização Íntima & Ninfoplastia (Aurora Tigre).docx","DOSSIÊ DE AUTORIDADE DIGITAL — Harmonização Íntima & Ninfoplastia (Aurora Tigre).docx",".docx","17410","17 KB","2025-12-22 14:44","2025-12-22 14:44"
"estrategia_conteudo_estetico_2025.md","estrategia_conteudo_estetico_2025.md",".md","37358","36.48 KB","2025-12-22 10:47","2025-12-22 10:47"
"exemplos_praticos_implementacao.md","exemplos_praticos_implementacao.md",".md","16033","15.66 KB","2025-12-22 11:34","2025-12-22 11:34"
"GROK PROTOCOLOS E HACKS.docx","GROK PROTOCOLOS E HACKS.docx",".docx","68139","66.54 KB","2025-12-27 21:58","2025-12-27 21:58"
"Guia_Uso_Hashtags_Karina_2024-2025.md","Guia_Uso_Hashtags_Karina_2024-2025.md",".md","12202","11.92 KB","2025-12-23 21:31","2025-12-28 11:09"
"HTML_APP_CONFIRMACAO (1).md","HTML_APP_CONFIRMACAO (1).md",".md","2046","2 KB","2025-12-27 23:49","2025-12-27 23:49"
"HTML_APP_CONFIRMACAO.md","HTML_APP_CONFIRMACAO.md",".md","2046","2 KB","2025-12-27 23:49","2025-12-27 23:49"
"INDICE_CONSOLIDADO_Todos_Arquivos.md","INDICE_CONSOLIDADO_Todos_Arquivos.md",".md","10323","10.08 KB","2025-12-23 21:32","2025-12-28 11:04"
"informações grok instagram (1).docx","informações grok instagram (1).docx",".docx","42895","41.89 KB","2025-12-22 13:54","2025-12-22 13:54"
"instagram-growth-map-2025 (1).md","instagram-growth-map-2025 (1).md",".md","21535","21.03 KB","2025-12-27 19:37","2025-12-27 19:37"
"instagram-growth-map-2025.md","instagram-growth-map-2025.md",".md","21535","21.03 KB","2025-12-27 19:05","2025-12-27 19:05"
"instagram_branding_completo.md","instagram_branding_completo.md",".md","32420","31.66 KB","2025-12-22 11:34","2025-12-22 11:34"
"Manual Completo das Redes Sociais_ Instagram Marke.pdf","Manual Completo das Redes Sociais_ Instagram Marke.pdf",".pdf","413745","404.05 KB","2025-11-19 04:13","2025-12-28 11:30"
"mapa-puro-protocolos-ig (1).md","mapa-puro-protocolos-ig (1).md",".md","38739","37.83 KB","2025-12-27 19:37","2025-12-27 19:37"
"mapa-puro-protocolos-ig.md","mapa-puro-protocolos-ig.md",".md","38739","37.83 KB","2025-12-27 19:06","2025-12-27 19:06"
"MODULO-2-RESUMO-EXECUTIVO.md","MODULO-2-RESUMO-EXECUTIVO.md",".md","6843","6.68 KB","2025-12-27 19:39","2025-12-27 19:39"
"MODULO-3-RESUMO-EXECUTIVO.md","MODULO-3-RESUMO-EXECUTIVO.md",".md","6583","6.43 KB","2025-12-27 19:39","2025-12-27 19:39"
"MODULO-4-RESUMO-EXECUTIVO.md","MODULO-4-RESUMO-EXECUTIVO.md",".md","5137","5.02 KB","2025-12-27 19:40","2025-12-27 19:40"
"MODULO-5-RESUMO-EXECUTIVO.md","MODULO-5-RESUMO-EXECUTIVO.md",".md","6711","6.55 KB","2025-12-27 19:40","2025-12-27 19:40"
"Organico Instagram(@EQUIPE7NAPISTA) (2).pdf","Organico Instagram(@EQUIPE7NAPISTA) (2).pdf",".pdf","231231","225.81 KB","2025-12-22 13:36","2025-12-28 11:30"
"planilha de postagens grok - Página1.csv","planilha de postagens grok - Página1.csv",".csv","43064","42.05 KB","2025-12-28 10:58","2025-12-28 10:58"
"Planilha_80_POSTS_MEGA.xlsx","Planilha_80_POSTS_MEGA.xlsx",".xlsx","11886","11.61 KB","2025-12-28 10:58","2025-12-28 10:58"
"POST-BUILDER-COMPLETE (1).html","POST-BUILDER-COMPLETE (1).html",".html","51336","50.13 KB","2025-12-27 23:49","2025-12-27 23:49"
"POST-BUILDER-COMPLETE.html","POST-BUILDER-COMPLETE.html",".html","51336","50.13 KB","2025-12-27 23:48","2025-12-27 23:47"
"POST-BUILDER-SPEC.md","POST-BUILDER-SPEC.md",".md","29472","28.78 KB","2025-12-27 23:49","2025-12-27 23:49"
"post_builder_wizard.png","post_builder_wizard.png",".png","182304","178.03 KB","2025-12-27 23:49","2025-12-27 23:49"
"protocolo-1-2-reels-alcance.md","protocolo-1-2-reels-alcance.md",".md","31536","30.8 KB","2025-12-27 19:38","2025-12-27 19:38"
"protocolo-1-3-reels-seguidores.md","protocolo-1-3-reels-seguidores.md",".md","9121","8.91 KB","2025-12-27 19:38","2025-12-27 19:38"
"protocolo-1-4-reels-viralizacao.md","protocolo-1-4-reels-viralizacao.md",".md","8900","8.69 KB","2025-12-27 19:38","2025-12-27 19:38"
"protocolo-1-5-reels-educacional.md","protocolo-1-5-reels-educacional.md",".md","9870","9.64 KB","2025-12-27 19:38","2025-12-27 19:38"
"protocolo-10-1-crisis-prevention.md","protocolo-10-1-crisis-prevention.md",".md","3011","2.94 KB","2025-12-27 19:41","2025-12-27 19:41"
"protocolo-10-2-crisis-response.md","protocolo-10-2-crisis-response.md",".md","3438","3.36 KB","2025-12-27 19:42","2025-12-27 19:42"
"protocolo-10-3-recovery.md","protocolo-10-3-recovery.md",".md","4108","4.01 KB","2025-12-27 19:42","2025-12-27 19:42"
"protocolo-11-1-niche-positioning.md","protocolo-11-1-niche-positioning.md",".md","3659","3.57 KB","2025-12-27 19:42","2025-12-27 19:42"
"protocolo-11-2-authority-building.md","protocolo-11-2-authority-building.md",".md","3621","3.54 KB","2025-12-27 19:42","2025-12-27 19:42"
"protocolo-11-3-niche-monetization.md","protocolo-11-3-niche-monetization.md",".md","3064","2.99 KB","2025-12-27 19:42","2025-12-27 19:42"
"protocolo-12-1-paid-ads-strategy.md","protocolo-12-1-paid-ads-strategy.md",".md","2629","2.57 KB","2025-12-27 19:42","2025-12-27 19:42"
"protocolo-12-2-instagram-facebook-ads.md","protocolo-12-2-instagram-facebook-ads.md",".md","2792","2.73 KB","2025-12-27 19:42","2025-12-27 19:42"
"protocolo-12-3-ads-optimization.md","protocolo-12-3-ads-optimization.md",".md","3134","3.06 KB","2025-12-27 19:42","2025-12-27 19:42"
"protocolo-2-1-carrossel-geral.md","protocolo-2-1-carrossel-geral.md",".md","3974","3.88 KB","2025-12-27 19:39","2025-12-27 19:39"
"protocolo-2-2-carrossel-salvamento.md","protocolo-2-2-carrossel-salvamento.md",".md","2205","2.15 KB","2025-12-27 19:39","2025-12-27 19:39"
"protocolo-2-3-carrossel-alcance.md","protocolo-2-3-carrossel-alcance.md",".md","2463","2.41 KB","2025-12-27 19:39","2025-12-27 19:39"
"protocolo-2-4-carrossel-seguidores.md","protocolo-2-4-carrossel-seguidores.md",".md","2859","2.79 KB","2025-12-27 19:39","2025-12-27 19:39"
"protocolo-3-1-stories-geral.md","protocolo-3-1-stories-geral.md",".md","2682","2.62 KB","2025-12-27 19:39","2025-12-27 19:39"
"protocolo-3-2-stories-highlights.md","protocolo-3-2-stories-highlights.md",".md","2081","2.03 KB","2025-12-27 19:39","2025-12-27 19:39"
"protocolo-3-3-stories-interativo.md","protocolo-3-3-stories-interativo.md",".md","2001","1.95 KB","2025-12-27 19:39","2025-12-27 19:39"
"protocolo-3-4-stories-seguidores.md","protocolo-3-4-stories-seguidores.md",".md","2541","2.48 KB","2025-12-27 19:39","2025-12-27 19:39"
"protocolo-4-1-legendas-geral.md","protocolo-4-1-legendas-geral.md",".md","2960","2.89 KB","2025-12-27 19:39","2025-12-27 19:39"
"protocolo-4-2-legendas-valor.md","protocolo-4-2-legendas-valor.md",".md","2362","2.31 KB","2025-12-27 19:40","2025-12-27 19:40"
"protocolo-4-3-legendas-conversao.md","protocolo-4-3-legendas-conversao.md",".md","2699","2.64 KB","2025-12-27 19:40","2025-12-27 19:40"
"protocolo-5-1-estrategia-calendario.md","protocolo-5-1-estrategia-calendario.md",".md","3789","3.7 KB","2025-12-27 19:40","2025-12-27 19:40"
"protocolo-5-2-kpis-analytics.md","protocolo-5-2-kpis-analytics.md",".md","4119","4.02 KB","2025-12-27 19:40","2025-12-27 19:40"
"protocolo-5-3-escalacao-30-60-90 (1).md","protocolo-5-3-escalacao-30-60-90 (1).md",".md","4810","4.7 KB","2025-12-27 19:40","2025-12-27 19:40"
"protocolo-5-3-escalacao-30-60-90.md","protocolo-5-3-escalacao-30-60-90.md",".md","4810","4.7 KB","2025-12-27 19:40","2025-12-27 19:40"
"protocolo-6-1-replies-strategy.md","protocolo-6-1-replies-strategy.md",".md","2520","2.46 KB","2025-12-27 19:40","2025-12-27 19:40"
"protocolo-6-2-dm-strategy.md","protocolo-6-2-dm-strategy.md",".md","2036","1.99 KB","2025-12-27 19:41","2025-12-27 19:40"
"protocolo-6-3-community-rituals.md","protocolo-6-3-community-rituals.md",".md","2668","2.61 KB","2025-12-27 19:41","2025-12-27 19:41"
"protocolo-7-1-produtos-proprios.md","protocolo-7-1-produtos-proprios.md",".md","2632","2.57 KB","2025-12-27 19:41","2025-12-27 19:41"
"protocolo-7-2-afiliados.md","protocolo-7-2-afiliados.md",".md","2489","2.43 KB","2025-12-27 19:41","2025-12-27 19:41"
"protocolo-7-3-brand-deals.md","protocolo-7-3-brand-deals.md",".md","2913","2.84 KB","2025-12-27 19:41","2025-12-27 19:41"
"protocolo-alta-performance.md","protocolo-alta-performance.md",".md","34257","33.45 KB","2025-12-04 14:21","2025-12-28 11:30"
"protocolo-operacional-reels-viralizacao (1).md","protocolo-operacional-reels-viralizacao (1).md",".md","26871","26.24 KB","2025-12-27 19:38","2025-12-27 19:38"
"protocolo-operacional-reels-viralizacao.md","protocolo-operacional-reels-viralizacao.md",".md","26871","26.24 KB","2025-12-27 19:07","2025-12-27 19:07"
"protocolo_instagram_50k.md","protocolo_instagram_50k.md",".md","49526","48.37 KB","2025-12-23 20:18","2025-12-28 11:30"
"QUICK-REFERENCE-GUIDE.md","QUICK-REFERENCE-GUIDE.md",".md","8076","7.89 KB","2025-12-27 19:43","2025-12-27 19:43"
"QUICK-START-IMPRIMIVEL.md","QUICK-START-IMPRIMIVEL.md",".md","6994","6.83 KB","2025-12-27 19:43","2025-12-27 19:43"
"RELATORIO-COMPLETO-PORTUGUES.md","RELATORIO-COMPLETO-PORTUGUES.md",".md","48741","47.6 KB","2025-12-27 19:43","2025-12-27 19:43"
"RELATORIO_CONSOLIDACAO_2025-12-28_11-36-17.txt","RELATORIO_CONSOLIDACAO_2025-12-28_11-36-17.txt",".txt","6135","5.99 KB","2025-12-28 11:36","2025-12-28 11:36"
"resumo_executivo.md","resumo_executivo.md",".md","5072","4.95 KB","2025-12-22 11:34","2025-12-22 11:34"
"SISTEMA-COMPLETO-80-FUNCIONALIDADES.md","SISTEMA-COMPLETO-80-FUNCIONALIDADES.md",".md","26276","25.66 KB","2025-12-27 23:12","2025-12-27 23:12"
"SISTEMA-FINAL-INTEGRADO-COMPLETO.md","SISTEMA-FINAL-INTEGRADO-COMPLETO.md",".md","19371","18.92 KB","2025-12-27 19:42","2025-12-27 19:42"
"SQL-PARTE-2-DADOS-COMPLETOS.sql","SQL-PARTE-2-DADOS-COMPLETOS.sql",".sql","113811","111.14 KB","2025-12-28 02:21","2025-12-28 11:13"
"📚 BASES DE CONSULTA.md","📚 BASES DE CONSULTA.md",".md","12057","11.77 KB","2025-12-14 20:47","2025-12-28 11:30"
"🔧 PROTOCOLOS OBRIGATÓRIOS.md","🔧 PROTOCOLOS OBRIGATÓRIOS.md",".md","10269","10.03 KB","2025-12-14 20:47","2025-12-28 11:30"
"2_ARQUIVOS_SOLTOS\CSVs\Calendario_SEOGRAM_90dias_Karina_Rodovansky.csv","Calendario_SEOGRAM_90dias_Karina_Rodovansky.csv",".csv","38327","37.43 KB","2025-12-19 14:49","2025-12-27 22:21"
"2_ARQUIVOS_SOLTOS\CSVs\Karina-Rodovanski-Campaigns-Oct-24-2025-Nov-22-2025.csv","Karina-Rodovanski-Campaigns-Oct-24-2025-Nov-22-2025.csv",".csv","989","0.97 KB","2025-11-23 20:54","2025-12-27 22:21"
"2_ARQUIVOS_SOLTOS\DOCXs\CTAs Eficazes no Instagram para Público Brasileiro grok.docx","CTAs Eficazes no Instagram para Público Brasileiro grok.docx",".docx","17452","17.04 KB","2025-12-23 21:24","2025-12-27 22:21"
"2_ARQUIVOS_SOLTOS\DOCXs\DOSSIÊ DE AUTORIDADE DIGITAL — Harmonização Íntima & Ninfoplastia (Aurora Tigre).docx","DOSSIÊ DE AUTORIDADE DIGITAL — Harmonização Íntima & Ninfoplastia (Aurora Tigre).docx",".docx","17410","17 KB","2025-12-22 14:44","2025-12-27 22:21"
"2_ARQUIVOS_SOLTOS\DOCXs\GPT_System_Prompt_Dra_Karina_v1.docx","GPT_System_Prompt_Dra_Karina_v1.docx",".docx","18770","18.33 KB","2025-12-23 13:17","2025-12-27 22:21"
"2_ARQUIVOS_SOLTOS\DOCXs\Guia Completo de Automação do Instagram 2025_ 20 F.docx","Guia Completo de Automação do Instagram 2025_ 20 F.docx",".docx","2343869","2.24 MB","2025-11-19 04:10","2025-12-27 22:21"
"2_ARQUIVOS_SOLTOS\DOCXs\informações grok instagram (1).docx","informações grok instagram (1).docx",".docx","42895","41.89 KB","2025-12-22 13:54","2025-12-27 22:21"
"2_ARQUIVOS_SOLTOS\DOCXs\informações grok instagram.docx","informações grok instagram.docx",".docx","42895","41.89 KB","2025-12-22 13:54","2025-12-27 22:21"
"2_ARQUIVOS_SOLTOS\DOCXs\PLAYBOOK_MASTER_COMPLETO_KARINA.docx","PLAYBOOK_MASTER_COMPLETO_KARINA.docx",".docx","13606","13.29 KB","2025-12-18 20:10","2025-12-27 22:21"
"2_ARQUIVOS_SOLTOS\DOCXs\site_intimax_recriar (1).docx","site_intimax_recriar (1).docx",".docx","1979440","1.89 MB","2025-12-18 01:58","2025-12-27 22:21"
"2_ARQUIVOS_SOLTOS\DOCXs\site_intimax_recriar.docx","site_intimax_recriar.docx",".docx","1979440","1.89 MB","2025-12-16 16:03","2025-12-27 22:21"
"2_ARQUIVOS_SOLTOS\JSONs\120_CTAs_Premium_Intimax.json","120_CTAs_Premium_Intimax.json",".json","24109","23.54 KB","2025-12-23 21:21","2025-12-27 22:21"
"2_ARQUIVOS_SOLTOS\JSONs\biblioteca_hashtags_karina_pt1_autoridade.json","biblioteca_hashtags_karina_pt1_autoridade.json",".json","25114","24.53 KB","2025-12-23 21:30","2025-12-27 22:21"
"2_ARQUIVOS_SOLTOS\JSONs\biblioteca_hashtags_karina_pt2_temas2e3.json","biblioteca_hashtags_karina_pt2_temas2e3.json",".json","40777","39.82 KB","2025-12-23 21:30","2025-12-27 22:21"
"2_ARQUIVOS_SOLTOS\JSONs\biblioteca_hashtags_karina_pt3_temas4e5.json","biblioteca_hashtags_karina_pt3_temas4e5.json",".json","35770","34.93 KB","2025-12-23 21:31","2025-12-27 22:21"
"2_ARQUIVOS_SOLTOS\JSONs\biblioteca_hashtags_karina_pt4_tema6_completo.json","biblioteca_hashtags_karina_pt4_tema6_completo.json",".json","18005","17.58 KB","2025-12-23 21:31","2025-12-27 22:21"
"2_ARQUIVOS_SOLTOS\Markdowns\10-Funis-Vendas-KOMMO-Rodovansky.md","10-Funis-Vendas-KOMMO-Rodovansky.md",".md","45127","44.07 KB","2025-12-12 18:46","2025-12-27 22:21"
"2_ARQUIVOS_SOLTOS\Markdowns\20_posts_validados_karina.md","20_posts_validados_karina.md",".md","25470","24.87 KB","2025-12-22 11:13","2025-12-27 22:21"
"2_ARQUIVOS_SOLTOS\Markdowns\Analise-Sexologos-Conversas-WhatsApp-Instagram.md","Analise-Sexologos-Conversas-WhatsApp-Instagram.md",".md","12429","12.14 KB","2025-12-10 12:53","2025-12-27 22:21"
"2_ARQUIVOS_SOLTOS\Markdowns\API_REFERENCE_RODOVANSKY.md","API_REFERENCE_RODOVANSKY.md",".md","3681","3.59 KB","2025-12-21 22:49","2025-12-27 22:21"
"2_ARQUIVOS_SOLTOS\Markdowns\Blueprint-GPT-Conteudo-Instagram (1).md","Blueprint-GPT-Conteudo-Instagram (1).md",".md","21676","21.17 KB","2025-12-22 16:50","2025-12-27 22:21"
"2_ARQUIVOS_SOLTOS\Markdowns\Blueprint-GPT-Conteudo-Instagram.md","Blueprint-GPT-Conteudo-Instagram.md",".md","21676","21.17 KB","2025-12-22 16:04","2025-12-27 22:21"
"2_ARQUIVOS_SOLTOS\Markdowns\BLUEPRINT_EXPERIENCIA_PODCAST_RODOVANSKY (1).md","BLUEPRINT_EXPERIENCIA_PODCAST_RODOVANSKY (1).md",".md","39977","39.04 KB","2025-12-17 18:06","2025-12-27 22:21"
"2_ARQUIVOS_SOLTOS\Markdowns\BLUEPRINT_EXPERIENCIA_PODCAST_RODOVANSKY.md","BLUEPRINT_EXPERIENCIA_PODCAST_RODOVANSKY.md",".md","39977","39.04 KB","2025-12-17 17:35","2025-12-27 22:21"
"2_ARQUIVOS_SOLTOS\Markdowns\calendario-dra-karina-v1.md","calendario-dra-karina-v1.md",".md","6380","6.23 KB","2025-12-22 15:27","2025-12-27 22:21"
"2_ARQUIVOS_SOLTOS\Markdowns\DIAGNOSTICO_REAL_PORTAL_RODOVANSKY.md","DIAGNOSTICO_REAL_PORTAL_RODOVANSKY.md",".md","6250","6.1 KB","2025-12-21 21:49","2025-12-27 22:21"
"2_ARQUIVOS_SOLTOS\Markdowns\FLUXOGRAMA-MASTER-RODOVANSKY.md","FLUXOGRAMA-MASTER-RODOVANSKY.md",".md","53576","52.32 KB","2025-12-09 21:28","2025-12-27 22:21"
"2_ARQUIVOS_SOLTOS\Markdowns\gpt-builder-instagram.md","gpt-builder-instagram.md",".md","9139","8.92 KB","2025-12-22 17:09","2025-12-27 22:21"
"2_ARQUIVOS_SOLTOS\Markdowns\GPT_System_Prompt_Karina_MARKDOWN.md","GPT_System_Prompt_Karina_MARKDOWN.md",".md","11128","10.87 KB","2025-12-23 13:17","2025-12-27 22:21"
"2_ARQUIVOS_SOLTOS\Markdowns\Guia_Uso_Hashtags_Karina_2024-2025.md","Guia_Uso_Hashtags_Karina_2024-2025.md",".md","12202","11.92 KB","2025-12-23 21:31","2025-12-27 22:21"
"2_ARQUIVOS_SOLTOS\Markdowns\instagram-growth-map-2025 (1).md","instagram-growth-map-2025 (1).md",".md","21535","21.03 KB","2025-12-27 19:37","2025-12-27 22:21"
"2_ARQUIVOS_SOLTOS\Markdowns\instagram-growth-map-2025.md","instagram-growth-map-2025.md",".md","21535","21.03 KB","2025-12-27 19:05","2025-12-27 22:21"
"2_ARQUIVOS_SOLTOS\Markdowns\instagram_branding_completo.md","instagram_branding_completo.md",".md","32420","31.66 KB","2025-12-22 11:34","2025-12-27 22:21"
"2_ARQUIVOS_SOLTOS\Markdowns\Intimax-Site-Conversao-SEO-Copy.md","Intimax-Site-Conversao-SEO-Copy.md",".md","22771","22.24 KB","2025-12-17 03:04","2025-12-27 22:21"
"2_ARQUIVOS_SOLTOS\Markdowns\LIB_09_SEGURANCA_ETICA_SAUDE_INTIMAX.md","LIB_09_SEGURANCA_ETICA_SAUDE_INTIMAX.md",".md","7641","7.46 KB","2025-12-19 13:23","2025-12-27 22:21"
"2_ARQUIVOS_SOLTOS\Markdowns\LIB_10_OBJECOES_ESPECIFICAS_INTIMAX.md","LIB_10_OBJECOES_ESPECIFICAS_INTIMAX.md",".md","24816","24.23 KB","2025-12-19 13:19","2025-12-27 22:21"
"2_ARQUIVOS_SOLTOS\Markdowns\LIB_12_SCRIPTS_POR_CANAL_INTIMAX.md","LIB_12_SCRIPTS_POR_CANAL_INTIMAX.md",".md","23277","22.73 KB","2025-12-19 13:19","2025-12-27 22:21"
"2_ARQUIVOS_SOLTOS\Markdowns\manifesto-intimax-sculpt-oficial.md","manifesto-intimax-sculpt-oficial.md",".md","38044","37.15 KB","2025-12-10 16:26","2025-12-27 22:21"
"2_ARQUIVOS_SOLTOS\Markdowns\manual-completo-vendas-harmonizacao-intima (1).md","manual-completo-vendas-harmonizacao-intima (1).md",".md","52652","51.42 KB","2025-12-12 18:10","2025-12-27 22:21"
"2_ARQUIVOS_SOLTOS\Markdowns\manual-completo-vendas-harmonizacao-intima.md","manual-completo-vendas-harmonizacao-intima.md",".md","52652","51.42 KB","2025-12-12 18:04","2025-12-27 22:21"
"2_ARQUIVOS_SOLTOS\Markdowns\MAPA_COMPLETO_ASSETS_RODOVANSKY.md","MAPA_COMPLETO_ASSETS_RODOVANSKY.md",".md","9971","9.74 KB","2025-12-21 22:16","2025-12-27 22:21"
"2_ARQUIVOS_SOLTOS\Markdowns\melhores paginas no instagram de auto estima femin.md","melhores paginas no instagram de auto estima femin.md",".md","4536","4.43 KB","2025-11-19 04:12","2025-12-27 22:21"
"2_ARQUIVOS_SOLTOS\Markdowns\objecoes-harmonizacao-intima-masculina.md","objecoes-harmonizacao-intima-masculina.md",".md","44492","43.45 KB","2025-12-04 14:20","2025-12-27 22:21"
"2_ARQUIVOS_SOLTOS\Markdowns\portal-karina-guide.md","portal-karina-guide.md",".md","71130","69.46 KB","2025-12-06 16:45","2025-12-27 22:21"
"2_ARQUIVOS_SOLTOS\Markdowns\portal-rodovansky-completo (1).md","portal-rodovansky-completo (1).md",".md","59361","57.97 KB","2025-12-06 18:07","2025-12-27 22:21"
"2_ARQUIVOS_SOLTOS\Markdowns\portal-rodovansky-completo.md","portal-rodovansky-completo.md",".md","59361","57.97 KB","2025-12-06 17:43","2025-12-27 22:21"
"2_ARQUIVOS_SOLTOS\Markdowns\portal-rodovansky-otimizado.md","portal-rodovansky-otimizado.md",".md","25795","25.19 KB","2025-12-06 18:07","2025-12-27 22:21"
"2_ARQUIVOS_SOLTOS\Markdowns\PROMPT-KOMMO-Instituto-Rodovansky.md","PROMPT-KOMMO-Instituto-Rodovansky.md",".md","13734","13.41 KB","2025-12-13 09:29","2025-12-27 22:21"
"2_ARQUIVOS_SOLTOS\Markdowns\protocolo-12-2-instagram-facebook-ads.md","protocolo-12-2-instagram-facebook-ads.md",".md","2792","2.73 KB","2025-12-27 19:42","2025-12-27 22:21"
"2_ARQUIVOS_SOLTOS\Markdowns\protocolo_instagram_50k.md","protocolo_instagram_50k.md",".md","49526","48.37 KB","2025-12-23 20:18","2025-12-27 22:21"
"2_ARQUIVOS_SOLTOS\Markdowns\RELATÓRIO COMPLETO - PORTAL DRA. KARINA (PARTE 1 DO CHAT).md","RELATÓRIO COMPLETO - PORTAL DRA. KARINA (PARTE 1 DO CHAT).md",".md","18625","18.19 KB","2025-12-21 21:12","2025-12-27 22:21"
"2_ARQUIVOS_SOLTOS\Markdowns\RESUMO EXECUTIVO - PORTAL DRA. KARINA RODOVANSKI.md","RESUMO EXECUTIVO - PORTAL DRA. KARINA RODOVANSKI.md",".md","10842","10.59 KB","2025-12-21 21:15","2025-12-27 22:21"
"2_ARQUIVOS_SOLTOS\Markdowns\Resumo_Executivo_GPT_Karina.md","Resumo_Executivo_GPT_Karina.md",".md","2726","2.66 KB","2025-12-23 13:17","2025-12-27 22:21"
"2_ARQUIVOS_SOLTOS\Markdowns\Rodovansky-20-Combos-Karina.md","Rodovansky-20-Combos-Karina.md",".md","14335","14 KB","2025-12-15 14:55","2025-12-27 22:21"
"2_ARQUIVOS_SOLTOS\Markdowns\rodovansky-compilado-v2.md","rodovansky-compilado-v2.md",".md","20269","19.79 KB","2025-12-06 18:13","2025-12-27 22:21"
"2_ARQUIVOS_SOLTOS\Markdowns\Sintese-Executiva-Instituto-Rodovansky.md","Sintese-Executiva-Instituto-Rodovansky.md",".md","9909","9.68 KB","2025-12-13 09:29","2025-12-27 22:21"
"2_ARQUIVOS_SOLTOS\PDFs\BONUS 13 PASSOS PARA BOMBAR NO INSTAGRAM.pdf","BONUS 13 PASSOS PARA BOMBAR NO INSTAGRAM.pdf",".pdf","1616034","1.54 MB","2025-12-22 13:36","2025-12-27 22:21"
"2_ARQUIVOS_SOLTOS\PDFs\Como crescer no instagram hackeando o algoritmo.pdf","Como crescer no instagram hackeando o algoritmo.pdf",".pdf","1585381","1.51 MB","2025-12-22 13:36","2025-12-27 22:21"
"2_ARQUIVOS_SOLTOS\PDFs\DRA_KARINA_2_PAGINAS_CORRIGIDO.pdf","DRA_KARINA_2_PAGINAS_CORRIGIDO.pdf",".pdf","1086384","1.04 MB","2025-12-20 15:10","2025-12-27 22:21"
"2_ARQUIVOS_SOLTOS\PDFs\DRA_KARINA_3_PAGINAS.pdf","DRA_KARINA_3_PAGINAS.pdf",".pdf","41081","40.12 KB","2025-12-20 14:18","2025-12-27 22:21"
"2_ARQUIVOS_SOLTOS\PDFs\ENGAJANDO INSTAGRAM (2).pdf","ENGAJANDO INSTAGRAM (2).pdf",".pdf","1246135","1.19 MB","2025-12-22 13:36","2025-12-27 22:21"
"2_ARQUIVOS_SOLTOS\PDFs\ENGAJANDO INSTAGRAM.pdf","ENGAJANDO INSTAGRAM.pdf",".pdf","1246135","1.19 MB","2025-12-22 13:36","2025-12-27 22:21"
"2_ARQUIVOS_SOLTOS\PDFs\Guia_completo_do_Instagram_para_o_seu_negócio_desde_os_primeiros (2).pdf","Guia_completo_do_Instagram_para_o_seu_negócio_desde_os_primeiros (2).pdf",".pdf","2381112","2.27 MB","2025-12-22 13:36","2025-12-27 22:21"
"2_ARQUIVOS_SOLTOS\PDFs\Guia_completo_do_Instagram_para_o_seu_negócio_desde_os_primeiros.pdf","Guia_completo_do_Instagram_para_o_seu_negócio_desde_os_primeiros.pdf",".pdf","2125179","2.03 MB","2025-12-22 13:36","2025-12-27 22:21"
"2_ARQUIVOS_SOLTOS\PDFs\Guia_Producao_Visual_Instituto_Rodovansky.pdf","Guia_Producao_Visual_Instituto_Rodovansky.pdf",".pdf","3576","3.49 KB","2025-12-06 17:48","2025-12-27 22:21"
"2_ARQUIVOS_SOLTOS\PDFs\INSTAGRAM HACKING USANDO O TERMUX ANDROID APP (2).pdf","INSTAGRAM HACKING USANDO O TERMUX ANDROID APP (2).pdf",".pdf","125105","122.17 KB","2025-12-22 13:36","2025-12-27 22:21"
"2_ARQUIVOS_SOLTOS\PDFs\INSTAGRAM HACKING USANDO O TERMUX ANDROID APP.pdf","INSTAGRAM HACKING USANDO O TERMUX ANDROID APP.pdf",".pdf","125105","122.17 KB","2025-12-22 13:36","2025-12-27 22:21"
"2_ARQUIVOS_SOLTOS\PDFs\Instagram_Black_Belt_Como_deixar_seu_instagram,_em_alto_nível_Dan.pdf","Instagram_Black_Belt_Como_deixar_seu_instagram,_em_alto_nível_Dan.pdf",".pdf","1678260","1.6 MB","2025-12-22 13:37","2025-12-27 22:21"
"2_ARQUIVOS_SOLTOS\PDFs\INTIMAX SCULPT - Método Completo (1).pdf","INTIMAX SCULPT - Método Completo (1).pdf",".pdf","3960058","3.78 MB","2025-12-20 15:57","2025-12-27 22:21"
"2_ARQUIVOS_SOLTOS\PDFs\INTIMAX SCULPT - Método Completo.pdf","INTIMAX SCULPT - Método Completo.pdf",".pdf","3967564","3.78 MB","2025-12-20 15:49","2025-12-27 22:21"
"2_ARQUIVOS_SOLTOS\PDFs\INTIMAX_COMPLETO_FINAL.pdf","INTIMAX_COMPLETO_FINAL.pdf",".pdf","6478707","6.18 MB","2025-12-20 14:52","2025-12-27 22:21"
"2_ARQUIVOS_SOLTOS\PDFs\INTIMAX_PAGINAS_4_5_6_7.pdf","INTIMAX_PAGINAS_4_5_6_7.pdf",".pdf","167504","163.58 KB","2025-12-20 10:29","2025-12-27 22:21"
"2_ARQUIVOS_SOLTOS\PDFs\INTIMAX_PAGINAS_5_A_10 (1).pdf","INTIMAX_PAGINAS_5_A_10 (1).pdf",".pdf","5172607","4.93 MB","2025-12-20 14:19","2025-12-27 22:21"
"2_ARQUIVOS_SOLTOS\PDFs\INTIMAX_PAGINAS_5_A_10 (2).pdf","INTIMAX_PAGINAS_5_A_10 (2).pdf",".pdf","5172607","4.93 MB","2025-12-20 14:19","2025-12-27 22:21"
"2_ARQUIVOS_SOLTOS\PDFs\INTIMAX_PAGINAS_5_A_10.pdf","INTIMAX_PAGINAS_5_A_10.pdf",".pdf","5172607","4.93 MB","2025-12-20 14:19","2025-12-27 22:21"
"2_ARQUIVOS_SOLTOS\PDFs\INTIMAX_SCULPT_APRESENTACAO_FINAL (1).pdf","INTIMAX_SCULPT_APRESENTACAO_FINAL (1).pdf",".pdf","10163786","9.69 MB","2025-12-20 14:18","2025-12-27 22:21"
"2_ARQUIVOS_SOLTOS\PDFs\INTIMAX_SCULPT_APRESENTACAO_FINAL.pdf","INTIMAX_SCULPT_APRESENTACAO_FINAL.pdf",".pdf","10163786","9.69 MB","2025-12-20 14:16","2025-12-27 22:21"
"2_ARQUIVOS_SOLTOS\PDFs\INTIMAX_SCULPT_COMPLETO_FINAL.pdf","INTIMAX_SCULPT_COMPLETO_FINAL.pdf",".pdf","7951816","7.58 MB","2025-12-20 15:21","2025-12-27 22:21"
"2_ARQUIVOS_SOLTOS\PDFs\INTIMAX_SCULPT_COM_FOTOS_REAIS.pdf","INTIMAX_SCULPT_COM_FOTOS_REAIS.pdf",".pdf","514409","502.35 KB","2025-12-20 15:16","2025-12-27 22:21"
"2_ARQUIVOS_SOLTOS\PDFs\INTIMAX_SCULPT_FINAL_LIMPO.pdf","INTIMAX_SCULPT_FINAL_LIMPO.pdf",".pdf","6359302","6.06 MB","2025-12-20 15:09","2025-12-27 22:21"
"2_ARQUIVOS_SOLTOS\PDFs\INTIMAX_SCULPT_METODO_RODOVANSKI (1).pdf","INTIMAX_SCULPT_METODO_RODOVANSKI (1).pdf",".pdf","138277","135.04 KB","2025-12-20 10:27","2025-12-27 22:21"
"2_ARQUIVOS_SOLTOS\PDFs\INTIMAX_SCULPT_METODO_RODOVANSKI (2).pdf","INTIMAX_SCULPT_METODO_RODOVANSKI (2).pdf",".pdf","138277","135.04 KB","2025-12-20 10:27","2025-12-27 22:21"
"2_ARQUIVOS_SOLTOS\PDFs\INTIMAX_SCULPT_METODO_RODOVANSKI.pdf","INTIMAX_SCULPT_METODO_RODOVANSKI.pdf",".pdf","138277","135.04 KB","2025-12-20 10:27","2025-12-27 22:21"
"2_ARQUIVOS_SOLTOS\PDFs\Manual Completo das Redes Sociais_ Instagram Marke.pdf","Manual Completo das Redes Sociais_ Instagram Marke.pdf",".pdf","413745","404.05 KB","2025-11-19 04:13","2025-12-27 22:21"
"2_ARQUIVOS_SOLTOS\PDFs\Manual SEOGRAM Netlinks – Instagram.pdf","Manual SEOGRAM Netlinks – Instagram.pdf",".pdf","802018","783.22 KB","2025-11-19 04:15","2025-12-27 22:21"
"2_ARQUIVOS_SOLTOS\PDFs\METODO_INTIMAX_4_PAGINAS_SEPARADAS.pdf","METODO_INTIMAX_4_PAGINAS_SEPARADAS.pdf",".pdf","3751360","3.58 MB","2025-12-20 10:32","2025-12-27 22:21"
"2_ARQUIVOS_SOLTOS\PDFs\METODO_INTIMAX_PARTE2.pdf","METODO_INTIMAX_PARTE2.pdf",".pdf","1256715","1.2 MB","2025-12-20 14:20","2025-12-27 22:21"
"2_ARQUIVOS_SOLTOS\PDFs\METODO_INTIMAX_SCULPT_12_FOTOS_8_DEPOIMENTOS.pdf","METODO_INTIMAX_SCULPT_12_FOTOS_8_DEPOIMENTOS.pdf",".pdf","1886338","1.8 MB","2025-12-19 23:19","2025-12-27 22:21"
"2_ARQUIVOS_SOLTOS\PDFs\METODO_INTIMAX_SCULPT_COMPLETO.pdf","METODO_INTIMAX_SCULPT_COMPLETO.pdf",".pdf","4822972","4.6 MB","2025-12-20 10:33","2025-12-27 22:21"
"2_ARQUIVOS_SOLTOS\PDFs\METODO_INTIMAX_SCULPT_FINAL (1).pdf","METODO_INTIMAX_SCULPT_FINAL (1).pdf",".pdf","67757","66.17 KB","2025-12-20 10:28","2025-12-27 22:21"
"2_ARQUIVOS_SOLTOS\PDFs\METODO_INTIMAX_SCULPT_FINAL.pdf","METODO_INTIMAX_SCULPT_FINAL.pdf",".pdf","67757","66.17 KB","2025-12-20 10:25","2025-12-27 22:21"
"2_ARQUIVOS_SOLTOS\PDFs\METODO_INTIMAX_SCULPT_PREMIUM.pdf","METODO_INTIMAX_SCULPT_PREMIUM.pdf",".pdf","5216247","4.97 MB","2025-12-19 23:19","2025-12-27 22:21"
"2_ARQUIVOS_SOLTOS\PDFs\OPERAÇÃO EMBAIXADORAS DO IMPÉRIO RODOVANSKY™ — VER.pdf","OPERAÇÃO EMBAIXADORAS DO IMPÉRIO RODOVANSKY™ — VER.pdf",".pdf","1416719","1.35 MB","2025-12-12 17:49","2025-12-27 22:21"
"2_ARQUIVOS_SOLTOS\PDFs\Organico Instagram(@EQUIPE7NAPISTA) (2).pdf","Organico Instagram(@EQUIPE7NAPISTA) (2).pdf",".pdf","231231","225.81 KB","2025-12-22 13:36","2025-12-27 22:21"
"2_ARQUIVOS_SOLTOS\PDFs\Organico Instagram(@EQUIPE7NAPISTA).pdf","Organico Instagram(@EQUIPE7NAPISTA).pdf",".pdf","1735889","1.66 MB","2025-12-22 13:36","2025-12-27 22:21"
"2_ARQUIVOS_SOLTOS\PDFs\Promoção_Fim_de_Ano_Instituto_Rodovansky.pdf","Promoção_Fim_de_Ano_Instituto_Rodovansky.pdf",".pdf","72365314","69.01 MB","2025-12-15 17:12","2025-12-27 22:21"
"2_ARQUIVOS_SOLTOS\PDFs\Relatorio_CFO_Clínica_Rodovansky.pdf","Relatorio_CFO_Clínica_Rodovansky.pdf",".pdf","2167","2.12 KB","2025-12-11 14:16","2025-12-27 22:21"
"2_ARQUIVOS_SOLTOS\PDFs\Relatorio_Executivo_Instituto_Karina_Rodovansky.pdf","Relatorio_Executivo_Instituto_Karina_Rodovansky.pdf",".pdf","2449","2.39 KB","2025-12-23 22:49","2025-12-27 22:21"
"2_ARQUIVOS_SOLTOS\PDFs\Relatorio_Financeiro_Consolidado_Instituto_Karina_Rodovansky (1).pdf","Relatorio_Financeiro_Consolidado_Instituto_Karina_Rodovansky (1).pdf",".pdf","3943","3.85 KB","2025-12-20 00:43","2025-12-27 22:21"
"2_ARQUIVOS_SOLTOS\PDFs\Relatorio_Financeiro_Consolidado_Instituto_Karina_Rodovansky.pdf","Relatorio_Financeiro_Consolidado_Instituto_Karina_Rodovansky.pdf",".pdf","3943","3.85 KB","2025-12-16 19:38","2025-12-27 22:21"
"2_ARQUIVOS_SOLTOS\PDFs\Relatorio_Gastos_Estrutura_Digital_Instituto_Karina_Rodovansky.pdf","Relatorio_Gastos_Estrutura_Digital_Instituto_Karina_Rodovansky.pdf",".pdf","3367","3.29 KB","2025-12-23 22:04","2025-12-27 22:21"
"2_ARQUIVOS_SOLTOS\PDFs\RODOVANSKY-ACADEMY.pdf","RODOVANSKY-ACADEMY.pdf",".pdf","3284268","3.13 MB","2025-12-17 17:31","2025-12-27 22:21"
"2_ARQUIVOS_SOLTOS\TXTs\instagram.com-250 (2).txt","instagram.com-250 (2).txt",".txt","8740","8.54 KB","2025-12-22 13:36","2025-12-27 22:21"
"2_ARQUIVOS_SOLTOS\TXTs\instagram.com-250.txt","instagram.com-250.txt",".txt","8740","8.54 KB","2025-12-22 13:36","2025-12-27 22:21"
"2_ARQUIVOS_SOLTOS\TXTs\instagram.com.accounts.login.-250 (2).txt","instagram.com.accounts.login.-250 (2).txt",".txt","9009","8.8 KB","2025-12-22 13:36","2025-12-27 22:21"
"2_ARQUIVOS_SOLTOS\TXTs\instagram.com.accounts.login.-250.txt","instagram.com.accounts.login.-250.txt",".txt","9009","8.8 KB","2025-12-22 13:36","2025-12-27 22:21"
"2_ARQUIVOS_SOLTOS\XLSXs\30_posts_dra_karina_planilha.xlsx","30_posts_dra_karina_planilha.xlsx",".xlsx","22870","22.33 KB","2025-12-22 11:34","2025-12-27 22:21"
"3_LOGS\_LISTA_COMPLETA_ARQUIVOS.csv","_LISTA_COMPLETA_ARQUIVOS.csv",".csv","12051","11.77 KB","2025-12-27 22:21","2025-12-27 22:21"
"3_LOGS\_RELATORIO_EXECUCAO.txt","_RELATORIO_EXECUCAO.txt",".txt","1164","1.14 KB","2025-12-27 22:21","2025-12-27 22:21"
